bucket,n,mean_brier_vs_final,mean_brier_vs_proposal
all_revised_binary_priced,220,0.31811262542485136,0.5014717808213021
Yes_to_No,126,0.3210894611877767,0.49203785068596484
No_to_Yes,94,0.3141223987639089,0.5141172616410092
