slice,n,mean_brier_final,se_brier_final,med_abs_p_minus_half,med_hours_stale
all_disputed_binary_priced,1075,0.0911686888951899,0.007086813783606503,0.49,0.11166666666666666
confirmed,846,0.03172538632551287,0.004047725275103596,0.492693532660352,0.11833333333333333
revised,229,0.3107714573403728,0.02484898032330836,0.4699999935332967,0.1
